Company,Website,Location,Contact,Rating,"Review Count,",Hourly Rate,Min Project Size,Employee Size
Naked.,http://app.nakeddev.com/application?utm_source=Clutch&utm_medium=Direct&utm_campaign=Naked%20Profile%20Link,"Irvine, CA",https://clutch.co/profile/naked/contact?next=https%3A%2F%2Fclutch.co%2Fdirectory%2Fmobile-application-developers,4.9,24 reviews,$100 - $149 / hr,"$25,000+",10 - 49
Goji Labs,https://gojilabs.com/?utm_source=clutch.co&utm_medium=referral&utm_campaign=directory-mobile-application-developers,"Los Angeles, CA",https://clutch.co/profile/goji-labs/contact?next=https%3A%2F%2Fclutch.co%2Fdirectory%2Fmobile-application-developers,5.0,50 reviews,$100 - $149 / hr,"$25,000+",10 - 49
Netguru,https://www.netguru.com/clutch/?utm_source=clutch&utm_medium=referral&utm_campaign=directory-mobile-application-developers,"Poznań, Poland",https://clutch.co/profile/netguru/contact?next=https%3A%2F%2Fclutch.co%2Fdirectory%2Fmobile-application-developers,4.8,49 reviews,$50 - $99 / hr,"$25,000+",250 - 999
Algoworks,http://www.algoworks.com/?utm_source=clutch.co&utm_medium=referral&utm_campaign=mobile-application-developers,"Sunnyvale, CA",https://clutch.co/profile/algoworks/contact?next=https%3A%2F%2Fclutch.co%2Fdirectory%2Fmobile-application-developers,4.9,76 reviews,$25 - $49 / hr,"$10,000+",250 - 999
KitelyTech,https://kitelytech.com/?utm_source=clutch.co&utm_medium=referral&utm_campaign=directory-mobile-application-developers,"Chicago, IL",https://clutch.co/profile/kitelytech/contact?next=https%3A%2F%2Fclutch.co%2Fdirectory%2Fmobile-application-developers,4.9,23 reviews,Undisclosed,"$25,000+",50 - 249
Mercury Development,https://mercdev.com/?utm_source=clutch.co&utm_medium=referral&utm_campaign=mobile-application-developers,"Aventura, FL",https://clutch.co/profile/mercury-development/contact?next=https%3A%2F%2Fclutch.co%2Fdirectory%2Fmobile-application-developers,5.0,23 reviews,$50 - $99 / hr,"$25,000+",50 - 249
Sidebench,https://sidebench.com/?utm_source=clutch.co&utm_medium=referral&utm_campaign=directory-mobile-application-developers,"Santa Monica, CA",https://clutch.co/profile/sidebench/contact?next=https%3A%2F%2Fclutch.co%2Fdirectory%2Fmobile-application-developers,4.9,44 reviews,$100 - $149 / hr,"$75,000+",50 - 249
Appinventiv,https://appinventiv.com/?utm_source=clutch.co&utm_medium=referral&utm_campaign=TopMobileAppDevelopmentCompanies,"Manhattan, NY",https://clutch.co/profile/appinventiv/contact?next=https%3A%2F%2Fclutch.co%2Fdirectory%2Fmobile-application-developers,4.8,74 reviews,$25 - $49 / hr,"$50,000+",250 - 999
CodigoDelSur,http://codigodelsur.com/?utm_source=clutch&utm_medium=referral&utm_campaign=directory-mobile-application-developers,"Montevideo, Uruguay",https://clutch.co/profile/codigodelsur/contact?next=https%3A%2F%2Fclutch.co%2Fdirectory%2Fmobile-application-developers,4.8,37 reviews,$50 - $99 / hr,"$75,000+",50 - 249
techahead,https://www.techaheadcorp.com/?utm_source=clutch&utm_medium=referral&utm_campaign=main-app-dev,"Agoura Hills, CA",https://clutch.co/profile/techahead/contact?next=https%3A%2F%2Fclutch.co%2Fdirectory%2Fmobile-application-developers,4.8,71 reviews,$50 - $99 / hr,"$50,000+",50 - 249
Cheesecake Labs,https://cheesecakelabs.com/?utm_source=clutch.co&utm_medium=referral&utm_campaign=mobile-application-developers,"San Francisco, CA",https://clutch.co/profile/cheesecake-labs/contact?next=https%3A%2F%2Fclutch.co%2Fdirectory%2Fmobile-application-developers,4.9,43 reviews,$50 - $99 / hr,"$50,000+",50 - 249
itCraft,https://itcraftapps.com/?utm_source=clutch.co&utm_medium=referral&utm_campaign=mobile-app-development,"Warszawa, Poland",https://clutch.co/profile/itcraft/contact?next=https%3A%2F%2Fclutch.co%2Fdirectory%2Fmobile-application-developers,5.0,58 reviews,$50 - $99 / hr,"$50,000+",50 - 249
Tapptitude,https://tapptitude.com/?utm_source=clutch.co&utm_medium=referral&utm_campaign=directory-mobile-application-developers,"Cluj-Napoca, Romania",https://clutch.co/profile/tapptitude/contact?next=https%3A%2F%2Fclutch.co%2Fdirectory%2Fmobile-application-developers,5.0,50 reviews,$50 - $99 / hr,"$50,000+",50 - 249
RichestSoft,https://richestsoft.com/?utm_source=clutch.co&utm_medium=referral&utm_campaign=directory,"Sahibzada Ajit Singh Nagar, India",https://clutch.co/profile/richestsoft/contact?next=https%3A%2F%2Fclutch.co%2Fdirectory%2Fmobile-application-developers,4.8,46 reviews,< $25 / hr,"$1,000+",10 - 49
Jafton,https://jafton.com/app-development,"New York, NY",https://clutch.co/profile/jafton/contact?next=https%3A%2F%2Fclutch.co%2Fdirectory%2Fmobile-application-developers,4.8,33 reviews,$50 - $99 / hr,"$25,000+",10 - 49
Infinum,https://infinum.com/clutch-lp/?utm_source=clutch.co&utm_medium=referral&utm_campaign=directory-mobile-application-developers,"New York City, NY",https://clutch.co/profile/infinum/contact?next=https%3A%2F%2Fclutch.co%2Fdirectory%2Fmobile-application-developers,4.8,40 reviews,$50 - $99 / hr,"$25,000+",50 - 249
Utility,https://utilitynyc.com/?utm_source=clutch.co&utm_medium=referral&utm_campaign=directory-mobile-application-developers,"New York, NY",https://clutch.co/profile/utility/contact?next=https%3A%2F%2Fclutch.co%2Fdirectory%2Fmobile-application-developers,4.8,25 reviews,$100 - $149 / hr,"$50,000+",50 - 249
Konstant Infosolutions,https://www.konstantinfo.com/?request-a-quote&utm_source=clutch.co&utm_medium=referral&utm_campaign=ClutchDMG,"Jaipur, India",https://clutch.co/profile/konstant-infosolutions/contact?next=https%3A%2F%2Fclutch.co%2Fdirectory%2Fmobile-application-developers,4.8,126 reviews,< $25 / hr,"$5,000+",50 - 249
STRV,https://www.strv.com/contact?utm_source=clutch.co&utm_medium=referral,"Prague, Czech Republic",https://clutch.co/profile/strv/contact?next=https%3A%2F%2Fclutch.co%2Fdirectory%2Fmobile-application-developers,4.8,44 reviews,$100 - $149 / hr,"$100,000+",50 - 249
3 SIDED CUBE,https://3sidedcube.com/contact/?utm_source=clutch.co&utm_medium=referral&utm_campaign=directory-mobile-app-developers,"Bournemouth, United Kingdom",https://clutch.co/profile/3-sided-cube/contact?next=https%3A%2F%2Fclutch.co%2Fdirectory%2Fmobile-application-developers,4.9,38 reviews,$100 - $149 / hr,"$50,000+",10 - 49
nomtek,https://www.nomtek.com/?utm_source=Clutch&utm_medium=referral&utm_campaign=Clutch%20Global,"Wrocław, Poland",https://clutch.co/profile/nomtek/contact?next=https%3A%2F%2Fclutch.co%2Fdirectory%2Fmobile-application-developers,4.9,34 reviews,$50 - $99 / hr,"$50,000+",50 - 249
ChopDawg.com,https://www.chopdawg.com/?utm_source=clutch.co&utm_medium=referral&utm_campaign=directory,"Philadelphia, PA",https://clutch.co/profile/chopdawgcom/contact?next=https%3A%2F%2Fclutch.co%2Fdirectory%2Fmobile-application-developers,4.9,68 reviews,$25 - $49 / hr,"$5,000+",10 - 49
Dedicated Developers,https://dedicateddevelopers.com/?utm_source=clutch.co&utm_medium=referral&utm_campaign=https://dedicateddevelopers.com/?utm_source=clutch.co&utm_medium=referral&utm_campaign=mobile-application-developers,"Atlanta, GA",https://clutch.co/profile/dedicated-developers/contact?next=https%3A%2F%2Fclutch.co%2Fdirectory%2Fmobile-application-developers,5.0,35 reviews,$50 - $99 / hr,"$25,000+",10 - 49
Blink22,http://www.blink22.com/?utm_source=clutch.co&utm_medium=referral&utm_campaign=directory,"Dubai, United Arab Emirates",https://clutch.co/profile/blink22/contact?next=https%3A%2F%2Fclutch.co%2Fdirectory%2Fmobile-application-developers,4.9,20 reviews,$50 - $99 / hr,"$25,000+",50 - 249
Radiansys Inc,https://www.radiansys.com/cmpgn/mobile-app-development/?utm_source=clutch.co&utm_medium=referral&utm_campaign=directory-mobile-application-developers,"Gurugram, India",https://clutch.co/profile/radiansys/contact?next=https%3A%2F%2Fclutch.co%2Fdirectory%2Fmobile-application-developers,5.0,13 reviews,< $25 / hr,"$10,000+",50 - 249
MindSea,http://www.mindsea.com/?utm_source=clutch&utm_medium=referral&utm_campaign=app-developers-global,"Halifax, Canada",https://clutch.co/profile/mindsea/contact?next=https%3A%2F%2Fclutch.co%2Fdirectory%2Fmobile-application-developers,5.0,26 reviews,$150 - $199 / hr,"$10,000+",10 - 49
Azumo,https://azumo.com/growth/software-development-leader?utm_source=clutch.co&utm_medium=referral&utm_campaign=directory-mobile-application-developers,"San Francisco, CA",https://clutch.co/profile/azumo/contact?next=https%3A%2F%2Fclutch.co%2Fdirectory%2Fmobile-application-developers,4.8,10 reviews,$25 - $49 / hr,"$25,000+",50 - 249
DianApps,https://dianapps.com/?utm_source=clutch.co&utm_medium=referral&utm_campaign=mobile-application-developers,"Saint Petersburg, FL",https://clutch.co/profile/dianapps/contact?next=https%3A%2F%2Fclutch.co%2Fdirectory%2Fmobile-application-developers,4.7,45 reviews,$25 - $49 / hr,"$5,000+",50 - 249
Quytech,https://www.quytech.com/?utm_source=clutch.co&utm_medium=referral&utm_campaign=mobile-application-developers,"Gurugram, India",https://clutch.co/profile/quytech/contact?next=https%3A%2F%2Fclutch.co%2Fdirectory%2Fmobile-application-developers,4.7,48 reviews,< $25 / hr,"$10,000+",50 - 249
Wolfpack Digital,https://wolfpack-digital.com/?utm_source=clutch&utm_campaign=directory-mobile-application-developers,"Cluj-Napoca, Romania",https://clutch.co/profile/wolfpack-digital/contact?next=https%3A%2F%2Fclutch.co%2Fdirectory%2Fmobile-application-developers,5.0,42 reviews,$50 - $99 / hr,"$25,000+",50 - 249
Groovy Technoweb Pvt. Ltd.,https://www.groovyweb.co/?utm_source=clutch.co&utm_medium=referral&utm_campaign=mobile-application-developers,"Nadiad, India",https://clutch.co/profile/groovy-technoweb/contact?next=https%3A%2F%2Fclutch.co%2Fdirectory%2Fmobile-application-developers,4.9,44 reviews,< $25 / hr,"$5,000+",50 - 249
Glance,https://thisisglance.com/top-mobile-app-development-company-on-clutch/?utm_source=clutch.co&utm_medium=referral&utm_campaign=directory-mobile-application-developers,"London, United Kingdom",https://clutch.co/profile/glance/contact?next=https%3A%2F%2Fclutch.co%2Fdirectory%2Fmobile-application-developers,4.6,14 reviews,$100 - $149 / hr,"$75,000+",10 - 49
Promatics Technologies,https://www.promaticsindia.com/?utm_source=clutch.co&utm_medium=referral&utm_campaign=mobile-application-developers,"Gurugram, India",https://clutch.co/profile/promatics-technologies/contact?next=https%3A%2F%2Fclutch.co%2Fdirectory%2Fmobile-application-developers,4.9,40 reviews,< $25 / hr,"$10,000+",50 - 249
3Advance,https://3advance.com/?utm_source=clutch.co&utm_medium=referrall&utm_campaign=directory-mobile-application-developers,"Washington, DC",https://clutch.co/profile/3advance/contact?next=https%3A%2F%2Fclutch.co%2Fdirectory%2Fmobile-application-developers,5.0,18 reviews,$100 - $149 / hr,"$25,000+",10 - 49
Andersen Inc.,https://andersenlab.com/services/mobile-development/?utm_source=clutch.co&utm_medium=referral&utm_campaign=catalog&utm_campaign=mobile-application-developers,"New York, NY",https://clutch.co/profile/andersen/contact?next=https%3A%2F%2Fclutch.co%2Fdirectory%2Fmobile-application-developers,4.9,97 reviews,$25 - $49 / hr,"$25,000+","1,000 - 9,999"
Digiruu,https://www.digiruu.com/?utm_source=clutch.co&utm_medium=referral&utm_campaign=app-developers,"London, United Kingdom",https://clutch.co/profile/digiruu/contact?next=https%3A%2F%2Fclutch.co%2Fdirectory%2Fmobile-application-developers,4.9,28 reviews,$50 - $99 / hr,"$50,000+",2 - 9
Halcyon Mobile,https://halcyonmobile.com/?utm_source=clutch.co&utm_medium=referral&utm_campaign=top-mobile-app-development-companies,"New York, NY",https://clutch.co/profile/halcyon-mobile/contact?next=https%3A%2F%2Fclutch.co%2Fdirectory%2Fmobile-application-developers,4.9,25 reviews,$50 - $99 / hr,"$25,000+",50 - 249
mDevelopers,https://mdevelopers.com/?utm_source=clutch.co&utm_medium=referral&utm_campaign=directory-mobile-application-developers,"Warszawa, Poland",https://clutch.co/profile/mdevelopers/contact?next=https%3A%2F%2Fclutch.co%2Fdirectory%2Fmobile-application-developers,5.0,11 reviews,$25 - $49 / hr,"$25,000+",10 - 49
OTAKOYI,https://otakoyi.com/?utm_source=clutch.co&utm_medium=referral,"L'viv, Ukraine",https://clutch.co/profile/otakoyi/contact?next=https%3A%2F%2Fclutch.co%2Fdirectory%2Fmobile-application-developers,4.8,34 reviews,$25 - $49 / hr,"$25,000+",50 - 249
collective mind DEV,https://collectivemind.dev/,"Osijek, Croatia",https://clutch.co/profile/collective-mind-dev/contact?next=https%3A%2F%2Fclutch.co%2Fdirectory%2Fmobile-application-developers%3Fpage%3D1,5.0,2 reviews,$25 - $49 / hr,"$10,000+",10 - 49
Small Planet,http://smallplanet.com/?utm_source=clutch.co&utm_medium=referral&utm_campaign=directory-mobile-application-developers,"New York, NY",https://clutch.co/profile/small-planet/contact?next=https%3A%2F%2Fclutch.co%2Fdirectory%2Fmobile-application-developers%3Fpage%3D1,4.8,14 reviews,$100 - $149 / hr,"$100,000+",10 - 49
Clarika,https://www.clarikagroup.com/?utm_source=clutch.co&utm_medium=referral&utm_campaign=directory-mobile-application-developers,"New York, NY",https://clutch.co/profile/clarika/contact?next=https%3A%2F%2Fclutch.co%2Fdirectory%2Fmobile-application-developers%3Fpage%3D1,4.8,14 reviews,$25 - $49 / hr,"$10,000+",50 - 249
Softensy,https://softensy.com/?utm_source=clutch.co&utm_medium=referral&utm_campaign=directory-mobile-application-developers,"Dnipropetrovs'k, Ukraine",https://clutch.co/profile/softensy/contact?next=https%3A%2F%2Fclutch.co%2Fdirectory%2Fmobile-application-developers%3Fpage%3D1,5.0,4 reviews,$25 - $49 / hr,"$5,000+",10 - 49
hedgehog lab,https://hedgehoglab.com/?utm_source=clutch&utm_medium=global_developers_list&utm_campaign=clutch,"Newcastle upon Tyne, United Kingdom",https://clutch.co/profile/hedgehog-lab/contact?next=https%3A%2F%2Fclutch.co%2Fdirectory%2Fmobile-application-developers%3Fpage%3D1,4.7,49 reviews,$100 - $149 / hr,"$100,000+",50 - 249
NineTwoThree Venture Studio,http://www.ninetwothree.co/?utm_source=clutch.co&utm_medium=referral&utm_campaign=directory-mobile-application-developers,"Danvers, MA",https://clutch.co/profile/ninetwothree-venture-studio/contact?next=https%3A%2F%2Fclutch.co%2Fdirectory%2Fmobile-application-developers%3Fpage%3D1,4.9,20 reviews,$50 - $99 / hr,"$100,000+",50 - 249
Zco,https://www.zco.com/?utm_source=clutch.co&utm_medium=referral&utm_campaign=directory-mobile-application-developers,"Nashua, NH",https://clutch.co/profile/zco/contact?next=https%3A%2F%2Fclutch.co%2Fdirectory%2Fmobile-application-developers%3Fpage%3D1,4.8,51 reviews,$25 - $49 / hr,"$10,000+",250 - 999
RV Technologies,https://rvtechnologies.com/?utm_source=clutch.co&utm_medium=referral&utm_campaign=directory-mobile-application-developers,"Sahibzada Ajit Singh Nagar, India",https://clutch.co/profile/rv-technologies/contact?next=https%3A%2F%2Fclutch.co%2Fdirectory%2Fmobile-application-developers%3Fpage%3D1,4.8,53 reviews,< $25 / hr,"$10,000+",50 - 249
Mutual Mobile,https://mutualmobile.com/?utm_medium=referral&utm_source=clutch&utm_campaign=Clutch%20Sponsorship&utm_content=Mobile%20Application%20Developers,"Austin, TX",https://clutch.co/profile/mutual-mobile/contact?next=https%3A%2F%2Fclutch.co%2Fdirectory%2Fmobile-application-developers%3Fpage%3D1,4.8,15 reviews,$150 - $199 / hr,"$25,000+",50 - 249
Eleviant Tech,https://www.eleviant.com/mobile-app-development-services/?utm_source=clutch.co&utm_medium=referral&utm_campaign=directory-mobile-application-developers,"Richardson, TX",https://clutch.co/profile/eleviant-tech/contact?next=https%3A%2F%2Fclutch.co%2Fdirectory%2Fmobile-application-developers%3Fpage%3D1,4.7,17 reviews,$25 - $49 / hr,"$25,000+",250 - 999
AppTailors,https://apptailors.co/?utm_source=clutch.co&utm_medium=referral&utm_campaign=directory-mobile-application-developers,"Poznań, Poland",https://clutch.co/profile/apptailors/contact?next=https%3A%2F%2Fclutch.co%2Fdirectory%2Fmobile-application-developers%3Fpage%3D1,5.0,7 reviews,Undisclosed,"$10,000+",10 - 49
Ajath,http://www.ajath.com/?utm_source=clutch.co&utm_medium=referral&utm_campaign=directory-mobile-app-developers,"دبي, United Arab Emirates",https://clutch.co/profile/ajath/contact?next=https%3A%2F%2Fclutch.co%2Fdirectory%2Fmobile-application-developers%3Fpage%3D1,4.9,30 reviews,$25 - $49 / hr,"$10,000+",50 - 249
Steelkiwi,https://steelkiwi.com/?utm_source=clutch.co&utm_medium=referral&utm_campaign=directory-mobile-application-developers,"Belmont, CA",https://clutch.co/profile/steelkiwi/contact?next=https%3A%2F%2Fclutch.co%2Fdirectory%2Fmobile-application-developers%3Fpage%3D1,4.8,59 reviews,$25 - $49 / hr,"$50,000+",50 - 249
Moove It,https://moove-it.com/?utm_source=clutch.co&utm_medium=referral&utm_campaign=mobile-application-development,"Austin, TX",https://clutch.co/profile/moove-it/contact?next=https%3A%2F%2Fclutch.co%2Fdirectory%2Fmobile-application-developers%3Fpage%3D1,4.8,23 reviews,$50 - $99 / hr,"$100,000+",50 - 249
GONNI,http://www.gonni.co/?utm_source=clutch.co&utm_medium=referral&utm_campaign=directory,"Buenos Aires, Argentina",https://clutch.co/profile/gonni/contact?next=https%3A%2F%2Fclutch.co%2Fdirectory%2Fmobile-application-developers%3Fpage%3D1,4.9,15 reviews,$50 - $99 / hr,"$25,000+",10 - 49
Mind Studios,https://themindstudios.com/?utm_source=clutch.co&utm_medium=referral&utm_campaign=directory-mobile-application-developers,"Fairfax, VA",https://clutch.co/profile/mind-studios/contact?next=https%3A%2F%2Fclutch.co%2Fdirectory%2Fmobile-application-developers%3Fpage%3D1,4.8,14 reviews,$25 - $49 / hr,"$10,000+",50 - 249
Onetree,https://onetree.com/?utm_source=clutch.co&utm_medium=referral&utm_campaign=mobile-application-developers,"Montevideo, Uruguay",https://clutch.co/profile/onetree/contact?next=https%3A%2F%2Fclutch.co%2Fdirectory%2Fmobile-application-developers%3Fpage%3D1,4.7,11 reviews,$50 - $99 / hr,"$10,000+",50 - 249
Clover Studio,https://clover.studio/,"Zagreb, Croatia",https://clutch.co/profile/clover-studio/contact?next=https%3A%2F%2Fclutch.co%2Fdirectory%2Fmobile-application-developers%3Fpage%3D1,5.0,11 reviews,$25 - $49 / hr,"$5,000+",10 - 49
GoodWorkLabs,https://goodworklabs.com/?utm_source=clutch.co&utm_medium=referral&utm_campaign=directory-mobile-application-developers,"Bengaluru, India",https://clutch.co/profile/goodworklabs/contact?next=https%3A%2F%2Fclutch.co%2Fdirectory%2Fmobile-application-developers%3Fpage%3D1,4.9,7 reviews,$50 - $99 / hr,"$5,000+",50 - 249
You are launched,https://www.urlaunched.com/?utm_source=clutch.co&utm_medium=referral&utm_campaign=mobile-application-developers,"Dnipro, Ukraine",https://clutch.co/profile/you-are-launched/contact?next=https%3A%2F%2Fclutch.co%2Fdirectory%2Fmobile-application-developers%3Fpage%3D1,5.0,35 reviews,$25 - $49 / hr,"$25,000+",10 - 49
Launchpad App Development,https://www.launchpadapps.co/?utm_source=clutch.co&utm_medium=referral&utm_campaign=directory-mobile-application-developers,"Richmond, Australia",https://clutch.co/profile/launchpad-app-development/contact?next=https%3A%2F%2Fclutch.co%2Fdirectory%2Fmobile-application-developers%3Fpage%3D1,5.0,23 reviews,$50 - $99 / hr,"$10,000+",10 - 49
Origami Studios,https://origamistudios.us/?utm_source=clutch.co&utm_medium=referral&utm_campaign=directory-mobile-application-developers,"Parsippany-Troy Hills, NJ",https://clutch.co/profile/origami-studios/contact?next=https%3A%2F%2Fclutch.co%2Fdirectory%2Fmobile-application-developers%3Fpage%3D1,4.9,39 reviews,$25 - $49 / hr,"$10,000+",10 - 49
Enozom Software,https://enozom.com/,"Alexandria, Egypt",https://clutch.co/profile/enozom-software/contact?next=https%3A%2F%2Fclutch.co%2Fdirectory%2Fmobile-application-developers%3Fpage%3D1,4.9,27 reviews,$25 - $49 / hr,"$50,000+",50 - 249
Futured,http://www.futured.app/?utm_source=clutch.co&utm_medium=referral&utm_campaign=mobile-app-developers,"Brno, Czech Republic",https://clutch.co/profile/futured/contact?next=https%3A%2F%2Fclutch.co%2Fdirectory%2Fmobile-application-developers%3Fpage%3D1,4.9,24 reviews,$50 - $99 / hr,"$50,000+",50 - 249
Somnio Software,https://somniosoftware.com/?utm_source=clutch.co&utm_medium=referral&utm_campaign=directory-mobile-application-developers,"Montevideo, Uruguay",https://clutch.co/profile/somnio-software/contact?next=https%3A%2F%2Fclutch.co%2Fdirectory%2Fmobile-application-developers%3Fpage%3D1,5.0,17 reviews,$50 - $99 / hr,"$10,000+",10 - 49
iteo,https://iteo.com/?utm_source=clutch.co&utm_medium=referral&utm_campaign=directory-mobile-application-developers,"Katowice, Poland",https://clutch.co/profile/iteo-1/contact?next=https%3A%2F%2Fclutch.co%2Fdirectory%2Fmobile-application-developers%3Fpage%3D1,4.8,21 reviews,$50 - $99 / hr,"$10,000+",50 - 249
GeekyAnts,https://geekyants.com/?utm_source=clutch.co&utm_medium=referral&utm_campaign=directory-mobile-application-developers,"San Francisco, CA",https://clutch.co/profile/geekyants/contact?next=https%3A%2F%2Fclutch.co%2Fdirectory%2Fmobile-application-developers%3Fpage%3D1,4.8,62 reviews,$25 - $49 / hr,"$5,000+",250 - 999
Big Nerd Ranch,https://www.bignerdranch.com/?utm_source=clutch.co&utm_medium=referral&utm_campaign=mobile-application-developers,"Atlanta, GA",https://clutch.co/profile/big-nerd-ranch/contact?next=https%3A%2F%2Fclutch.co%2Fdirectory%2Fmobile-application-developers%3Fpage%3D1,4.9,5 reviews,$150 - $199 / hr,"$100,000+",250 - 999
AppUnite,https://appunite.com/?utm_source=clutch.co&utm_medium=referral&utm_campaign=app-developers-global,"Poznań, Poland",https://clutch.co/profile/appunite/contact?next=https%3A%2F%2Fclutch.co%2Fdirectory%2Fmobile-application-developers%3Fpage%3D1,4.9,15 reviews,$50 - $99 / hr,"$50,000+",50 - 249
New Line Technologies,http://newline.tech/?utm_source=clutch.co&utm_medium=referral,"Kharkiv, Ukraine",https://clutch.co/profile/new-line-technologies/contact?next=https%3A%2F%2Fclutch.co%2Fdirectory%2Fmobile-application-developers%3Fpage%3D1,4.9,24 reviews,$25 - $49 / hr,"$25,000+",50 - 249
Apptension,https://www.apptension.com/?utm_source=clutch.co&utm_medium=referral&utm_campaign=directory-mobile-application-developers,"Poznań, Poland",https://clutch.co/profile/apptension/contact?next=https%3A%2F%2Fclutch.co%2Fdirectory%2Fmobile-application-developers%3Fpage%3D1,4.8,19 reviews,$50 - $99 / hr,"$25,000+",50 - 249
Calibrate Software,https://calibrated.io/?utm_source=clutch.co&utm_medium=referral&utm_campaign=directory,"Chicago, IL",https://clutch.co/profile/calibrate-software/contact?next=https%3A%2F%2Fclutch.co%2Fdirectory%2Fmobile-application-developers%3Fpage%3D1,4.9,17 reviews,$50 - $99 / hr,"$25,000+",10 - 49
AA+ Flutter Developers | Codigee,http://www.codigee.com/clutch/?utm_source=clutch.co&utm_medium=referral&utm_campaign=directory,"Poznań, Poland",https://clutch.co/profile/aa-flutter-developers-codigee/contact?next=https%3A%2F%2Fclutch.co%2Fdirectory%2Fmobile-application-developers%3Fpage%3D1,5.0,11 reviews,$25 - $49 / hr,"$10,000+",10 - 49
Horus,https://horus.com.uy/?utm_source=clutch.co&utm_medium=referral&utm_campaign=mobile-application-developers,"Montevideo, Uruguay",https://clutch.co/profile/horus/contact?next=https%3A%2F%2Fclutch.co%2Fdirectory%2Fmobile-application-developers%3Fpage%3D1,5.0,6 reviews,$50 - $99 / hr,"$10,000+",2 - 9
SoftwareHut,https://www.softwarehut.com/?utm_source=clutch.co&utm_medium=referral&utm_campaign=directory-mobile-application-developers,"Białystok, Poland",https://clutch.co/profile/softwarehut/contact?next=https%3A%2F%2Fclutch.co%2Fdirectory%2Fmobile-application-developers%3Fpage%3D1,4.8,26 reviews,$25 - $49 / hr,"$5,000+",250 - 999
Old.St Labs,https://old.st/?utm_source=clutch.co&utm_medium=referral&utm_campaign=directory,"London, United Kingdom",https://clutch.co/profile/oldst-labs/contact?next=https%3A%2F%2Fclutch.co%2Fdirectory%2Fmobile-application-developers%3Fpage%3D1,5.0,10 reviews,$50 - $99 / hr,"$5,000+",10 - 49
Tooploox,https://www.tooploox.com/?utm_source=clutch.co&utm_medium=referral&utm_campaign=directory,"Wrocław, Poland",https://clutch.co/profile/tooploox/contact?next=https%3A%2F%2Fclutch.co%2Fdirectory%2Fmobile-application-developers%3Fpage%3D1,4.9,28 reviews,$100 - $149 / hr,"$25,000+",50 - 249
Rubikal,https://rubikal.com/?utm_source=clutch.co&utm_medium=referral&utm_campaign=directory-mobile-application-developers,"Alexandria, Egypt",https://clutch.co/profile/rubikal/contact?next=https%3A%2F%2Fclutch.co%2Fdirectory%2Fmobile-application-developers%3Fpage%3D1,4.8,15 reviews,$25 - $49 / hr,"$25,000+",50 - 249
Coherent Lab LLP,https://www.coherentlab.com/?utm_source=clutch.co&utm_medium=referral&utm_campaign=directory-mobile-application-developers,"Jaipur, India",https://clutch.co/profile/coherent-lab-llp-0/contact?next=https%3A%2F%2Fclutch.co%2Fdirectory%2Fmobile-application-developers%3Fpage%3D1,4.9,26 reviews,< $25 / hr,"$1,000+",10 - 49
Mindgrub,http://www.mindgrub.com/?utm_source=clutch.co&utm_medium=referral&utm_campaign=directory-mobile-application-developers,"Baltimore, MD",https://clutch.co/profile/mindgrub/contact?next=https%3A%2F%2Fclutch.co%2Fdirectory%2Fmobile-application-developers%3Fpage%3D2,4.8,6 reviews,$100 - $149 / hr,"$50,000+",50 - 249
Aloa,https://aloa.co/?utm_source=clutch.co&utm_medium=referral&utm_campaign=directory-mobile-application-developers,"Irving, TX",https://clutch.co/profile/aloa-0/contact?next=https%3A%2F%2Fclutch.co%2Fdirectory%2Fmobile-application-developers%3Fpage%3D2,4.9,12 reviews,$50 - $99 / hr,"$1,000+",2 - 9
Ars Futura,https://arsfutura.com/?utm_source=clutch.co&utm_medium=referral&utm_campaign=directory-mobile-application-developers,"Zagreb, Croatia",https://clutch.co/profile/ars-futura/contact?next=https%3A%2F%2Fclutch.co%2Fdirectory%2Fmobile-application-developers%3Fpage%3D2,5.0,13 reviews,$50 - $99 / hr,"$25,000+",10 - 49
Instil Software,https://www.instil.co/?utm_source=clutch.co&utm_medium=referral&utm_campaign=mobile-application-developers,"Belfast, United Kingdom",https://clutch.co/profile/instil-software/contact?next=https%3A%2F%2Fclutch.co%2Fdirectory%2Fmobile-application-developers%3Fpage%3D2,4.9,7 reviews,$100 - $149 / hr,"$50,000+",50 - 249
Develocraft,https://develocraft.com/?utm_source=clutch.co&utm_medium=referral&utm_campaign=directory,"Gdańsk, Poland",https://clutch.co/profile/develocraft/contact?next=https%3A%2F%2Fclutch.co%2Fdirectory%2Fmobile-application-developers%3Fpage%3D2,4.7,10 reviews,$50 - $99 / hr,"$10,000+",50 - 249
Mobile Reality,https://mobilereality.pl/en/mobile-development/?utm_source=clutch.co&utm_medium=referral&utm_campaign=directory-mobile-application-developers,"Warszawa, Poland",https://clutch.co/profile/mobile-reality/contact?next=https%3A%2F%2Fclutch.co%2Fdirectory%2Fmobile-application-developers%3Fpage%3D2,5.0,9 reviews,$25 - $49 / hr,"$5,000+",10 - 49
Zero Molecule,https://zeromolecule.com/?utm_source=clutch.co&utm_medium=referral&utm_campaign=directory-mobile-application-developers,"Zagreb, Croatia",https://clutch.co/profile/zero-molecule/contact?next=https%3A%2F%2Fclutch.co%2Fdirectory%2Fmobile-application-developers%3Fpage%3D2,5.0,7 reviews,$50 - $99 / hr,"$10,000+",2 - 9
"Begin, LLC",https://beginsoftware.com/?utm_source=clutch.co&utm_medium=referral&utm_campaign=mobile-application-developers,"Denver, CO",https://clutch.co/profile/begin/contact?next=https%3A%2F%2Fclutch.co%2Fdirectory%2Fmobile-application-developers%3Fpage%3D2,4.8,16 reviews,$100 - $149 / hr,"$5,000+",2 - 9
Busy Human,http://busyhuman.io/?utm_source=clutch.co&utm_medium=referral&utm_campaign=directory,"Orem, UT",https://clutch.co/profile/busy-human/contact?next=https%3A%2F%2Fclutch.co%2Fdirectory%2Fmobile-application-developers%3Fpage%3D2,5.0,4 reviews,$50 - $99 / hr,"$1,000+",2 - 9
XOOR Inc.,https://xoor.io/?utm_campaign=clutch_profile&utm_source=clutch&utm_content=button&utm_medium=clutch_profile_page,"Mar del Plata, Argentina",https://clutch.co/profile/xoor/contact?next=https%3A%2F%2Fclutch.co%2Fdirectory%2Fmobile-application-developers%3Fpage%3D2,5.0,21 reviews,$50 - $99 / hr,"$50,000+",10 - 49
Brainvire Infotech Inc,https://www.brainvire.com/?utm_source=clutch.co&utm_medium=referral&utm_campaign=directory-mobile-application-developers,"Milpitas, CA",https://clutch.co/profile/brainvire-infotech/contact?next=https%3A%2F%2Fclutch.co%2Fdirectory%2Fmobile-application-developers%3Fpage%3D2,4.8,200 reviews,$25 - $49 / hr,"$25,000+",250 - 999
Droids On Roids,https://www.thedroidsonroids.com/?utm_source=clutch.co&utm_medium=referral&utm_campaign=mobile-application-developers-global,"Wrocław, Poland",https://clutch.co/profile/droids-roids/contact?next=https%3A%2F%2Fclutch.co%2Fdirectory%2Fmobile-application-developers%3Fpage%3D2,4.9,61 reviews,$50 - $99 / hr,"$50,000+",50 - 249
The NineHertz,https://theninehertz.com/?utm_source=clutch.co&utm_medium=referral&utm_campaign=directory-mobile-application-developers,"Cincinnati, OH",https://clutch.co/profile/ninehertz/contact?next=https%3A%2F%2Fclutch.co%2Fdirectory%2Fmobile-application-developers%3Fpage%3D2,4.7,97 reviews,< $25 / hr,"$5,000+",50 - 249
TekRevol,https://www.tekrevol.com/?utm_source=clutch-referrer&utm_medium=clutch-profile&utm_campaign=clutch&utm_id=clutch,"Houston, TX",https://clutch.co/profile/tekrevol/contact?next=https%3A%2F%2Fclutch.co%2Fdirectory%2Fmobile-application-developers%3Fpage%3D2,4.9,57 reviews,$50 - $99 / hr,"$25,000+",250 - 999
Apadmi,https://www.apadmi.com/?utm_source=clutch.co&utm_medium=referral&utm_campaign=profile,"Salford, United Kingdom",https://clutch.co/profile/apadmi/contact?next=https%3A%2F%2Fclutch.co%2Fdirectory%2Fmobile-application-developers%3Fpage%3D2,4.8,28 reviews,$300+ / hr,"$100,000+",50 - 249
Miquido,https://www.miquido.com/?utm_source=clutch.co&utm_medium=referral&utm_campaign=directory-mobile-application-developers,"Kraków, Poland",https://clutch.co/profile/miquido/contact?next=https%3A%2F%2Fclutch.co%2Fdirectory%2Fmobile-application-developers%3Fpage%3D2,4.9,43 reviews,$50 - $99 / hr,"$25,000+",50 - 249
Emizen Tech,https://www.emizentech.com/?utm_source=clutch.co&utm_medium=referral&utm_campaign=mobile-application-developers,"Jaipur, India",https://clutch.co/profile/emizen-tech/contact?next=https%3A%2F%2Fclutch.co%2Fdirectory%2Fmobile-application-developers%3Fpage%3D2,4.9,72 reviews,$25 - $49 / hr,"$10,000+",50 - 249
Ackee,https://www.ackee.agency/?utm_source=clutch.co&utm_medium=referral&utm_campaign=directory-mobile-application-developers,"Prague, Czech Republic",https://clutch.co/profile/ackee/contact?next=https%3A%2F%2Fclutch.co%2Fdirectory%2Fmobile-application-developers%3Fpage%3D2,4.9,27 reviews,$50 - $99 / hr,"$25,000+",50 - 249
Designli,https://designli.co/?utm_source=clutch.co&utm_medium=referral,"Greenville, SC",https://clutch.co/profile/designli/contact?next=https%3A%2F%2Fclutch.co%2Fdirectory%2Fmobile-application-developers%3Fpage%3D2,5.0,44 reviews,$100 - $149 / hr,"$10,000+",10 - 49
BlueLabel,https://www.bluelabellabs.com/,"New York, NY",https://clutch.co/profile/bluelabel/contact?next=https%3A%2F%2Fclutch.co%2Fdirectory%2Fmobile-application-developers%3Fpage%3D2,4.8,52 reviews,$100 - $149 / hr,"$75,000+",50 - 249
ArcTouch,https://arctouch.com/contact/?utm_source=clutch&utm_medium=referral&utm_campaign=listings&utm_content=main+link,"San Francisco, CA",https://clutch.co/profile/arctouch/contact?next=https%3A%2F%2Fclutch.co%2Fdirectory%2Fmobile-application-developers%3Fpage%3D2,4.9,28 reviews,$100 - $149 / hr,"$100,000+",50 - 249
Deviniti,https://deviniti.com/?utm_source=clutch.co&utm_medium=referral&utm_campaign=directory,"Wrocław, Poland",https://clutch.co/profile/deviniti/contact?next=https%3A%2F%2Fclutch.co%2Fdirectory%2Fmobile-application-developers%3Fpage%3D2,5.0,31 reviews,$50 - $99 / hr,"$10,000+",250 - 999
Net Solutions,http://www.netsolutions.com/clutch?utm_source=clutch.co&utm_medium=referral&utm_campaign=directory,"Toronto, Canada",https://clutch.co/profile/net-solutions/contact?next=https%3A%2F%2Fclutch.co%2Fdirectory%2Fmobile-application-developers%3Fpage%3D2,4.8,43 reviews,$25 - $49 / hr,"$10,000+",250 - 999
Riseapps,https://riseapps.co/?utm_source=clutch.co&utm_medium=referral&utm_campaign=mobile-application-developers,"Tallinn, Estonia",https://clutch.co/profile/riseapps/contact?next=https%3A%2F%2Fclutch.co%2Fdirectory%2Fmobile-application-developers%3Fpage%3D2,4.9,43 reviews,$25 - $49 / hr,"$50,000+",50 - 249
WDI,https://www.wdipl.com/?utm_source=clutch.co&utm_medium=referral&utm_campaign=directory,"Mumbai, India",https://clutch.co/profile/wdi/contact?next=https%3A%2F%2Fclutch.co%2Fdirectory%2Fmobile-application-developers%3Fpage%3D2,5.0,34 reviews,< $25 / hr,"$25,000+",50 - 249
CreateThrive,https://createthrive.com/?utm_source=clutch.co&utm_medium=referral&utm_campaign=directory-mobile-application-developers,"Montevideo, Uruguay",https://clutch.co/profile/createthrive/contact?next=https%3A%2F%2Fclutch.co%2Fdirectory%2Fmobile-application-developers%3Fpage%3D2,5.0,22 reviews,$50 - $99 / hr,"$10,000+",10 - 49
Atomic Object,https://atomicobject.com/?utm_source=clutch.co&utm_medium=referral&utm_campaign=directory,"Grand Rapids, MI",https://clutch.co/profile/atomic-object/contact?next=https%3A%2F%2Fclutch.co%2Fdirectory%2Fmobile-application-developers%3Fpage%3D2,4.9,23 reviews,$150 - $199 / hr,"$25,000+",50 - 249
Q agency,https://q.agency/?utm_source=clutch.co&utm_medium=referral&utm_campaign=mobile-application-developers,"Zagreb, Croatia",https://clutch.co/profile/q-agency/contact?next=https%3A%2F%2Fclutch.co%2Fdirectory%2Fmobile-application-developers%3Fpage%3D2,4.8,27 reviews,$50 - $99 / hr,"$100,000+",250 - 999
Yellow,https://yellow.systems/?utm_source=clutch.co&utm_medium=referral&utm_campaign=directory,"San Francisco, CA",https://clutch.co/profile/yellow/contact?next=https%3A%2F%2Fclutch.co%2Fdirectory%2Fmobile-application-developers%3Fpage%3D2,5.0,48 reviews,$50 - $99 / hr,"$10,000+",50 - 249
App Boxer,https://appboxer.com.au/?utm_source=clutch.co&utm_medium=referral&utm_campaign=directory,"Baulkham Hills, Australia",https://clutch.co/profile/app-boxer/contact?next=https%3A%2F%2Fclutch.co%2Fdirectory%2Fmobile-application-developers%3Fpage%3D2,4.9,18 reviews,$50 - $99 / hr,"$10,000+",10 - 49
CitrusBits,https://www2.citrusbits.com/?utm_source=clutch.co&utm_medium=referral&utm_campaign=app-developers,"Los Angeles, CA",https://clutch.co/profile/citrusbits/contact?next=https%3A%2F%2Fclutch.co%2Fdirectory%2Fmobile-application-developers%3Fpage%3D2,5.0,33 reviews,$100 - $149 / hr,"$25,000+",10 - 49
Sigma Software Group,https://sigma.software/?utm_source=clutch.co&utm_medium=referral&utm_campaign=directory,"L'viv, Ukraine",https://clutch.co/profile/sigma-software-group/contact?next=https%3A%2F%2Fclutch.co%2Fdirectory%2Fmobile-application-developers%3Fpage%3D2,4.8,20 reviews,$50 - $99 / hr,"$50,000+","1,000 - 9,999"
Magora Systems,https://www.magora-systems.com/?utm_source=clutch.co&utm_medium=sponsored&utm_campaign=directory-mobile-application-developers,"London, United Kingdom",https://clutch.co/profile/magora-systems/contact?next=https%3A%2F%2Fclutch.co%2Fdirectory%2Fmobile-application-developers%3Fpage%3D2,4.7,58 reviews,$50 - $99 / hr,"$10,000+",50 - 249
Red Foundry,http://www.redfoundry.com/?utm_source=clutch.co&utm_medium=referral,"Chicago, IL",https://clutch.co/profile/red-foundry/contact?next=https%3A%2F%2Fclutch.co%2Fdirectory%2Fmobile-application-developers%3Fpage%3D2,4.9,32 reviews,$150 - $199 / hr,"$50,000+",10 - 49
Fueled,https://www.fueled.com/?utm_source=clutch&utm_medium=referral&utm_campaign=fueledclutch,"New York, NY",https://clutch.co/profile/fueled/contact?next=https%3A%2F%2Fclutch.co%2Fdirectory%2Fmobile-application-developers%3Fpage%3D2,4.9,37 reviews,$150 - $199 / hr,"$75,000+",50 - 249
Core Mobile App Development,http://www.coremobileapps.com/?utm_source=clutch.co&utm_medium=referral,"Orlando, FL",https://clutch.co/profile/core-mobile-app-development/contact?next=https%3A%2F%2Fclutch.co%2Fdirectory%2Fmobile-application-developers%3Fpage%3D2,5.0,30 reviews,$50 - $99 / hr,"$10,000+",10 - 49
RootQuotient,https://rootquotient.com/?utm_source=clutch.co&utm_medium=referral&utm_campaign=directory-mobile-application-developers,"Toronto, Canada",https://clutch.co/profile/rootquotient/contact?next=https%3A%2F%2Fclutch.co%2Fdirectory%2Fmobile-application-developers%3Fpage%3D2,4.9,26 reviews,$50 - $99 / hr,"$10,000+",50 - 249
Appetiser,https://appetiser.com.au/?utm_source=clutch&utm_medium=referral&utm_campaign=intl-app-developers,"Richmond, Australia",https://clutch.co/profile/appetiser/contact?next=https%3A%2F%2Fclutch.co%2Fdirectory%2Fmobile-application-developers%3Fpage%3D2,4.9,15 reviews,Undisclosed,"$10,000+",50 - 249
FreshWorks Studio (now EY Design Studio),https://freshworks.io/?utm_source=clutch.co&utm_medium=referral,"Victoria, Canada",https://clutch.co/profile/freshworks-studio-now-ey-design-studio/contact?next=https%3A%2F%2Fclutch.co%2Fdirectory%2Fmobile-application-developers%3Fpage%3D2,4.6,53 reviews,$150 - $199 / hr,"$100,000+","1,000 - 9,999"
The BHW Group,https://thebhwgroup.com/?utm_source=clutch.co&utm_medium=referral,"Austin, TX",https://clutch.co/profile/bhw-group/contact?next=https%3A%2F%2Fclutch.co%2Fdirectory%2Fmobile-application-developers%3Fpage%3D2,5.0,22 reviews,$100 - $149 / hr,"$50,000+",10 - 49
ARKA Softwares,https://www.arkasoftwares.com/?utm_source=clutch&utm_medium=directory&utm_campaign=arka-clutch,"Dallas, TX",https://clutch.co/profile/arka-softwares/contact?next=https%3A%2F%2Fclutch.co%2Fdirectory%2Fmobile-application-developers%3Fpage%3D3,4.6,54 reviews,< $25 / hr,"$5,000+",50 - 249
Zazz,https://www.zazz.io/?utm_source=clutch.co&utm_medium=referral&utm_campaign=top-mobile-app-development-companies,"Seattle, WA",https://clutch.co/profile/zazz/contact?next=https%3A%2F%2Fclutch.co%2Fdirectory%2Fmobile-application-developers%3Fpage%3D3,5.0,14 reviews,$50 - $99 / hr,"$25,000+",10 - 49
9series Inc,http://www.9series.com/?utm_source=clutch.co&utm_medium=referral&utm_campaign=directory-mobile-application-developers,"Bellevue, WA",https://clutch.co/profile/9series/contact?next=https%3A%2F%2Fclutch.co%2Fdirectory%2Fmobile-application-developers%3Fpage%3D3,4.8,34 reviews,$25 - $49 / hr,"$10,000+",50 - 249
NERDZ LAB,https://nerdzlab.com/mobile-application-development-services/?utm_source=clutch.co/&utm_medium=referral&utm_campaign=directory-mobile-application-developers,"L'viv, Ukraine",https://clutch.co/profile/nerdz-lab/contact?next=https%3A%2F%2Fclutch.co%2Fdirectory%2Fmobile-application-developers%3Fpage%3D3,5.0,27 reviews,$25 - $49 / hr,"$10,000+",50 - 249
EB Pearls,https://ebpearls.com.au/mobile-app-developer-sydney/,"Sydney, Australia",https://clutch.co/profile/eb-pearls/contact?next=https%3A%2F%2Fclutch.co%2Fdirectory%2Fmobile-application-developers%3Fpage%3D3,4.9,18 reviews,$25 - $49 / hr,"$25,000+",50 - 249
Specno,https://specno.com/?utm_source=clutch.co&utm_medium=referral&utm_campaign=directory-mobile-application-developers,"Cape Town, South Africa",https://clutch.co/profile/specno/contact?next=https%3A%2F%2Fclutch.co%2Fdirectory%2Fmobile-application-developers%3Fpage%3D3,5.0,21 reviews,$50 - $99 / hr,"$5,000+",10 - 49
Geniusee,https://geniusee.com/?utm_source=clutch.co&utm_medium=referral,"Warszawa, Poland",https://clutch.co/profile/geniusee/contact?next=https%3A%2F%2Fclutch.co%2Fdirectory%2Fmobile-application-developers%3Fpage%3D3,5.0,42 reviews,$25 - $49 / hr,"$50,000+",50 - 249
December Labs,https://www.decemberlabs.com/?utm_source=clutch.co&utm_medium=referral&utm_campaign=directory-mobile-application-developers,"Houston, TX",https://clutch.co/profile/december-labs/contact?next=https%3A%2F%2Fclutch.co%2Fdirectory%2Fmobile-application-developers%3Fpage%3D3,4.9,28 reviews,$50 - $99 / hr,"$10,000+",50 - 249
FiveDotTwelve,https://fivedottwelve.com/?utm_source=clutch.co&utm_medium=referral&utm_campaign=directory-mobile-application-developers,"Łódź, Poland",https://clutch.co/profile/fivedottwelve/contact?next=https%3A%2F%2Fclutch.co%2Fdirectory%2Fmobile-application-developers%3Fpage%3D3,4.9,24 reviews,$50 - $99 / hr,"$25,000+",10 - 49
Netsells Group,https://www.netsells.co.uk/?utm_source=clutch&utm_medium=referral&utm_campaign=profile,"York, United Kingdom",https://clutch.co/profile/netsells-group/contact?next=https%3A%2F%2Fclutch.co%2Fdirectory%2Fmobile-application-developers%3Fpage%3D3,4.9,26 reviews,$100 - $149 / hr,"$50,000+",50 - 249
Orangesoft,https://orangesoft.co/?utm_source=clutch.co&utm_medium=referral&utm_campaign=directory-mobile-application-developers,"San Francisco, CA",https://clutch.co/profile/orangesoft/contact?next=https%3A%2F%2Fclutch.co%2Fdirectory%2Fmobile-application-developers%3Fpage%3D3,5.0,28 reviews,$25 - $49 / hr,"$25,000+",50 - 249
Empat,https://empat.tech/?utm_source=referral&utm_medium=platform&utm_campaign=Clutch-directory-mobile-application-developers,"Kyiv, Ukraine",https://clutch.co/profile/empat/contact?next=https%3A%2F%2Fclutch.co%2Fdirectory%2Fmobile-application-developers%3Fpage%3D3,5.0,54 reviews,$25 - $49 / hr,"$25,000+",50 - 249
10Pearls,https://www.10pearls.com/?utm_source=clutch.co&utm_medium=referral&utm_campaign=directory-mobile-application-developers,"Washington, DC",https://clutch.co/profile/10pearls/contact?next=https%3A%2F%2Fclutch.co%2Fdirectory%2Fmobile-application-developers%3Fpage%3D3,4.9,29 reviews,$25 - $49 / hr,"$50,000+","1,000 - 9,999"
Dogtown Media,https://www.dogtownmedia.com/?utm_source=clutch&utm_medium=referral,"Los Angeles, CA",https://clutch.co/profile/dogtown-media/contact?next=https%3A%2F%2Fclutch.co%2Fdirectory%2Fmobile-application-developers%3Fpage%3D3,4.9,29 reviews,$100 - $149 / hr,"$25,000+",10 - 49
Wve Labs,https://wvelabs.com/?utm_source=clutch.co&utm_medium=la_listing&utm_campaign=app-dev,"Newport Beach, CA",https://clutch.co/profile/wve-labs/contact?next=https%3A%2F%2Fclutch.co%2Fdirectory%2Fmobile-application-developers%3Fpage%3D3,5.0,19 reviews,$50 - $99 / hr,"$10,000+",50 - 249
Vincit,https://vincit.com/?utm_source=clutch.co&utm_medium=referral,"Irvine, CA",https://clutch.co/profile/vincit/contact?next=https%3A%2F%2Fclutch.co%2Fdirectory%2Fmobile-application-developers%3Fpage%3D3,4.8,29 reviews,$150 - $199 / hr,"$50,000+",250 - 999
mTraction Enterprise (An Affle Company),https://enterprise.affle.com/mobile-app-development-services?utm_source=clutch.co&utm_medium=referral&utm_campaign=directory-mobile-application-developers,Singapore,https://clutch.co/profile/mtraction-enterprise-affle-company/contact?next=https%3A%2F%2Fclutch.co%2Fdirectory%2Fmobile-application-developers%3Fpage%3D3,4.7,43 reviews,$25 - $49 / hr,"$25,000+",50 - 249
Slingshot,https://www.yslingshot.com/mobile-app-development?utm_source=clutch.co&utm_medium=referral&utm_campaign=directory-mobile-application-developers,"Louisville, KY",https://clutch.co/profile/slingshot-0/contact?next=https%3A%2F%2Fclutch.co%2Fdirectory%2Fmobile-application-developers%3Fpage%3D3,4.9,11 reviews,$100 - $149 / hr,"$75,000+",50 - 249
AppIt Ventures,https://appitventures.com/?utm_source=clutch.co&utm_medium=referral&utm_campaign=directory,"Denver, CO",https://clutch.co/profile/appit-ventures/contact?next=https%3A%2F%2Fclutch.co%2Fdirectory%2Fmobile-application-developers%3Fpage%3D3,4.9,23 reviews,$100 - $149 / hr,"$25,000+",10 - 49
The Distance App Developers,https://thedistance.co.uk/?utm_source=clutch.co&utm_medium=referral&utm_campaign=directory-mobile-application-developers,"London, United Kingdom",https://clutch.co/profile/distance-app-developers/contact?next=https%3A%2F%2Fclutch.co%2Fdirectory%2Fmobile-application-developers%3Fpage%3D3,4.7,29 reviews,$100 - $149 / hr,"$75,000+",10 - 49
Callstack,https://callstack.com/?utm_source=clutch.co&utm_medium=referral&utm_campaign=directory,"Wrocław, Poland",https://clutch.co/profile/callstack/contact?next=https%3A%2F%2Fclutch.co%2Fdirectory%2Fmobile-application-developers%3Fpage%3D3,4.8,2 reviews,$100 - $149 / hr,"$25,000+",10 - 49
Gorilla Logic,https://gorillalogic.com/?utm_campaign=Clutch&utm_source=clutch.co&utm_medium=referral,"Broomfield, CO",https://clutch.co/profile/gorilla-logic/contact?next=https%3A%2F%2Fclutch.co%2Fdirectory%2Fmobile-application-developers%3Fpage%3D3,4.9,17 reviews,$50 - $99 / hr,"$250,000+",250 - 999
intent,https://withintent.com/?utm_campaign=clutch_general&utm_source=clutch&utm_medium=profile_link&utm_content=clutch_profile_cta,"Warszawa, Poland",https://clutch.co/profile/intent/contact?next=https%3A%2F%2Fclutch.co%2Fdirectory%2Fmobile-application-developers%3Fpage%3D3,4.9,28 reviews,$50 - $99 / hr,"$10,000+",50 - 249
247 Labs Inc.,https://247labs.com/?utm_source=clutch&utm_medium=referral,"Toronto, Canada",https://clutch.co/profile/247-labs/contact?next=https%3A%2F%2Fclutch.co%2Fdirectory%2Fmobile-application-developers%3Fpage%3D3,4.8,63 reviews,$50 - $99 / hr,"$5,000+",10 - 49
Softblues,https://softblues.io/?utm_source=clutch.co&utm_medium=referral&utm_campaign=directory,"London, United Kingdom",https://clutch.co/profile/softblues/contact?next=https%3A%2F%2Fclutch.co%2Fdirectory%2Fmobile-application-developers%3Fpage%3D3,5.0,23 reviews,$25 - $49 / hr,"$5,000+",50 - 249
ScienceSoft,https://www.scnsoft.com/,"McKinney, TX",https://clutch.co/profile/sciencesoft/contact?next=https%3A%2F%2Fclutch.co%2Fdirectory%2Fmobile-application-developers%3Fpage%3D3,4.8,35 reviews,$50 - $99 / hr,"$5,000+",250 - 999
Bluegrass Digital,http://www.bluegrassdigital.com/?utm_source=clutch.co&utm_medium=referral&utm_campaign=directory,"Cape Town, South Africa",https://clutch.co/profile/bluegrass-digital/contact?next=https%3A%2F%2Fclutch.co%2Fdirectory%2Fmobile-application-developers%3Fpage%3D3,4.5,16 reviews,$50 - $99 / hr,"$10,000+",10 - 49
Anadea,https://anadea.info/?utm_source=clutch.co&utm_medium=referral&utm_campaign=directory,"Alicante (Alacant), Spain",https://clutch.co/profile/anadea/contact?next=https%3A%2F%2Fclutch.co%2Fdirectory%2Fmobile-application-developers%3Fpage%3D3,4.8,29 reviews,$50 - $99 / hr,"$10,000+",50 - 249
Zudu,https://zudu.co.uk/?utm_source=clutch.co&utm_medium=referral&utm_campaign=directory-mobile-application-developers,"Dundee, United Kingdom",https://clutch.co/profile/zudu/contact?next=https%3A%2F%2Fclutch.co%2Fdirectory%2Fmobile-application-developers%3Fpage%3D3,5.0,22 reviews,$50 - $99 / hr,"$10,000+",10 - 49
S-PRO,https://s-pro.io/?utm_source=clutch.co&utm_medium=referral&utm_campaign=mobile,"Warszawa, Poland",https://clutch.co/profile/s-pro/contact?next=https%3A%2F%2Fclutch.co%2Fdirectory%2Fmobile-application-developers%3Fpage%3D3,4.9,43 reviews,$50 - $99 / hr,"$25,000+",50 - 249
Apzumi,http://www.apzumi.com/?utm_source=clutch.co&utm_medium=referral,"Poznań, Poland",https://clutch.co/profile/apzumi/contact?next=https%3A%2F%2Fclutch.co%2Fdirectory%2Fmobile-application-developers%3Fpage%3D3,5.0,23 reviews,$50 - $99 / hr,"$10,000+",50 - 249
ROCKETECH,https://www.rocketech.it/?utm_source=clutch.co&utm_medium=referral&utm_campaign=mobile-application-developers,"Kyiv, Ukraine",https://clutch.co/profile/rocketech/contact?next=https%3A%2F%2Fclutch.co%2Fdirectory%2Fmobile-application-developers%3Fpage%3D3,4.9,34 reviews,$25 - $49 / hr,"$5,000+",50 - 249
Dev Technosys,https://devtechnosys.com/mobile-app-development.php?utm_source=clutch.co&utm_medium=referral,"Commerce, CA",https://clutch.co/profile/dev-technosys/contact?next=https%3A%2F%2Fclutch.co%2Fdirectory%2Fmobile-application-developers%3Fpage%3D3,4.8,143 reviews,$25 - $49 / hr,"$5,000+",50 - 249
Enkonix,https://enkonix.com/?utm_source=clutch.co&utm_medium=referral,"New York, NY",https://clutch.co/profile/enkonix/contact?next=https%3A%2F%2Fclutch.co%2Fdirectory%2Fmobile-application-developers%3Fpage%3D3,5.0,17 reviews,$100 - $149 / hr,"$10,000+",50 - 249
"Confianz Global, Inc",https://www.confianzit.com/mobile-app-development/?utm_source=clutch.co&utm_medium=referral&utm_campaign=mobile-application-developers,"Charlotte, NC",https://clutch.co/profile/confianz-global/contact?next=https%3A%2F%2Fclutch.co%2Fdirectory%2Fmobile-application-developers%3Fpage%3D3,4.8,38 reviews,$25 - $49 / hr,"$5,000+",50 - 249
ClearSummit,http://clearsummit.com/?utm_source=clutch&utm_medium=referral,"Santa Monica, CA",https://clutch.co/profile/clearsummit/contact?next=https%3A%2F%2Fclutch.co%2Fdirectory%2Fmobile-application-developers%3Fpage%3D3,5.0,22 reviews,$150 - $199 / hr,"$25,000+",10 - 49
Koombea,https://www.koombea.com/services/custom-mobile-app-development/?utm_source=clutch.co&utm_medium=referral&utm_campaign=directory-mobile-application-developers,"Doral, FL",https://clutch.co/profile/koombea/contact?next=https%3A%2F%2Fclutch.co%2Fdirectory%2Fmobile-application-developers%3Fpage%3D3,4.8,20 reviews,Undisclosed,"$50,000+",50 - 249
PowerGate Software,https://powergatesoftware.com/?utm_source=clutch.co&utm_medium=referral&utm_campaign=directory,"Hanoi, Vietnam",https://clutch.co/profile/powergate-software/contact?next=https%3A%2F%2Fclutch.co%2Fdirectory%2Fmobile-application-developers%3Fpage%3D3,5.0,22 reviews,Undisclosed,"$10,000+","1,000 - 9,999"
Yugasa Software Labs,https://yugasa.com/app-developers-in-india/?utm_source=clutch.co&utm_medium=referral&utm_campaign=directory-mobile-application-developers,"Gurugram, India",https://clutch.co/profile/yugasa-software-labs/contact?next=https%3A%2F%2Fclutch.co%2Fdirectory%2Fmobile-application-developers%3Fpage%3D3,4.8,22 reviews,< $25 / hr,"$10,000+",50 - 249
Modus Create,https://moduscreate.com/contact/?utm_source=clutch.co&utm_medium=referral,"Reston, VA",https://clutch.co/profile/modus-create/contact?next=https%3A%2F%2Fclutch.co%2Fdirectory%2Fmobile-application-developers%3Fpage%3D3,4.7,19 reviews,Undisclosed,"$25,000+",250 - 999
TrianglZ,http://www.trianglz.com/?utm_source=clutch.co&utm_medium=referral&utm_campaign=directory,"Alexandria, Egypt, Egypt",https://clutch.co/profile/trianglz/contact?next=https%3A%2F%2Fclutch.co%2Fdirectory%2Fmobile-application-developers%3Fpage%3D4,5.0,17 reviews,$25 - $49 / hr,"$50,000+",50 - 249
MobileCoderz Technologies Pvt Ltd,https://mobilecoderz.com/?utm_source=clutch.co&utm_medium=referral&utm_campaign=directory-mobile-application-developers,"Carson City,, NV",https://clutch.co/profile/mobilecoderz-technologies/contact?next=https%3A%2F%2Fclutch.co%2Fdirectory%2Fmobile-application-developers%3Fpage%3D4,4.7,36 reviews,< $25 / hr,"$5,000+",50 - 249
Exploding Phone,http://www.explodingphone.com/?utm_source=clutch.co&utm_medium=referral&utm_campaign=directory,"Alvechurch, United Kingdom",https://clutch.co/profile/exploding-phone/contact?next=https%3A%2F%2Fclutch.co%2Fdirectory%2Fmobile-application-developers%3Fpage%3D4,4.8,23 reviews,$100 - $149 / hr,"$10,000+",2 - 9
Rantmedia,http://www.rantmedia.com/?utm_source=clutch.co&utm_medium=referral,"Cardiff, United Kingdom",https://clutch.co/profile/rantmedia/contact?next=https%3A%2F%2Fclutch.co%2Fdirectory%2Fmobile-application-developers%3Fpage%3D4,5.0,14 reviews,$100 - $149 / hr,"$100,000+",10 - 49
AppStudio,https://appstudio.ca/?utm_source=clutch.co&utm_medium=referral&utm_campaign=top-mobile-app-development-companies,"Toronto, Canada",https://clutch.co/profile/appstudio/contact?next=https%3A%2F%2Fclutch.co%2Fdirectory%2Fmobile-application-developers%3Fpage%3D4,4.8,17 reviews,$50 - $99 / hr,"$25,000+",10 - 49
Sonin App Development,https://sonin.agency/?utm_source=clutch.co&utm_medium=referral&utm_campaign=uk-app-developers,"Reigate, United Kingdom",https://clutch.co/profile/sonin-app-development/contact?next=https%3A%2F%2Fclutch.co%2Fdirectory%2Fmobile-application-developers%3Fpage%3D4,4.9,21 reviews,$100 - $149 / hr,"$50,000+",50 - 249
SEM Nexus,https://semnexus.com/?utm_source=Clutch&utm_medium=CPC&utm_campaign=Clutch,"New York, NY",https://clutch.co/profile/sem-nexus/contact?next=https%3A%2F%2Fclutch.co%2Fdirectory%2Fmobile-application-developers%3Fpage%3D4,4.8,37 reviews,$50 - $99 / hr,"$10,000+",10 - 49
Brightec,http://www.brightec.co.uk/?utm_source=clutch.co&utm_medium=referral,"Shoreham, United Kingdom",https://clutch.co/profile/brightec/contact?next=https%3A%2F%2Fclutch.co%2Fdirectory%2Fmobile-application-developers%3Fpage%3D4,4.9,20 reviews,$100 - $149 / hr,"$25,000+",10 - 49
Stakk,https://stakk.co.uk/?utm_source=clutch.co&utm_medium=referral&utm_campaign=directory,"London, United Kingdom",https://clutch.co/profile/stakk/contact?next=https%3A%2F%2Fclutch.co%2Fdirectory%2Fmobile-application-developers%3Fpage%3D4,4.9,21 reviews,$50 - $99 / hr,"$50,000+",10 - 49
Solvd Inc.,https://www.solvd.com/?utm_source=clutch.co&utm_medium=referral&utm_campaign=sponsorship,"Roseville, CA",https://clutch.co/profile/solvd-0/contact?next=https%3A%2F%2Fclutch.co%2Fdirectory%2Fmobile-application-developers%3Fpage%3D4,5.0,17 reviews,$25 - $49 / hr,"$10,000+",250 - 999
App Makers LA,http://www.appmakersla.com/?utm_source=clutch.co&utm_medium=referral&utm_campaign=directory,"Los Angeles, CA",https://clutch.co/profile/app-makers-la/contact?next=https%3A%2F%2Fclutch.co%2Fdirectory%2Fmobile-application-developers%3Fpage%3D4,5.0,21 reviews,$50 - $99 / hr,"$10,000+",2 - 9
Mtoag Technologies Pvt LTD.,https://www.mtoag.com/mobile-apps-development.htm,"Jaipur, India",https://clutch.co/profile/mtoag-technologies/contact?next=https%3A%2F%2Fclutch.co%2Fdirectory%2Fmobile-application-developers%3Fpage%3D4,4.9,11 reviews,$25 - $49 / hr,"$5,000+",50 - 249
ThinkUp,https://thinkupsoft.com/?utm_source=clutch.co&utm_medium=referral&utm_campaign=directory-mobile-application-developers,"Montevideo, Uruguay",https://clutch.co/profile/thinkup-0/contact?next=https%3A%2F%2Fclutch.co%2Fdirectory%2Fmobile-application-developers%3Fpage%3D4,5.0,11 reviews,$50 - $99 / hr,"$10,000+",10 - 49
Closeloop Technologies,https://closeloop.com/?utm_source=clutch.co&utm_medium=referral&utm_campaign=directory,"Mountain View, CA",https://clutch.co/profile/closeloop-technologies/contact?next=https%3A%2F%2Fclutch.co%2Fdirectory%2Fmobile-application-developers%3Fpage%3D4,5.0,24 reviews,$25 - $49 / hr,"$50,000+",10 - 49
Kellton,http://www.kelltontech.com/?utm_source=clutch.co&utm_medium=referral,"Reston, VA",https://clutch.co/profile/kellton/contact?next=https%3A%2F%2Fclutch.co%2Fdirectory%2Fmobile-application-developers%3Fpage%3D4,4.6,19 reviews,$25 - $49 / hr,"$50,000+","1,000 - 9,999"
Diffco,https://diffco.us/page/mobile-2/?utm_source=clutch.co&utm_medium=referral&utm_campaign=mobile-application-developers,"Sunnyvale, CA",https://clutch.co/profile/diffco/contact?next=https%3A%2F%2Fclutch.co%2Fdirectory%2Fmobile-application-developers%3Fpage%3D4,5.0,12 reviews,$50 - $99 / hr,"$25,000+",10 - 49
EffectiveSoft,https://www.effectivesoft.com/?utm_source=clutch.co&utm_medium=referral&utm_campaign=directory,"San Diego, CA",https://clutch.co/profile/effectivesoft/contact?next=https%3A%2F%2Fclutch.co%2Fdirectory%2Fmobile-application-developers%3Fpage%3D4,4.8,11 reviews,$25 - $49 / hr,"$25,000+",250 - 999
iTechArt Group,https://www.itechart.com/?utm_source=clutch&utm_medium=referral&utm_campaign=mobile-application-developers,"New York, NY",https://clutch.co/profile/itechart-group/contact?next=https%3A%2F%2Fclutch.co%2Fdirectory%2Fmobile-application-developers%3Fpage%3D4,4.9,49 reviews,$50 - $99 / hr,"$25,000+","1,000 - 9,999"
CSHARK,https://cshark.com/?utm_source=clutch.co&utm_medium=referral&utm_campaign=directory,"Wrocław, Poland",https://clutch.co/profile/cshark/contact?next=https%3A%2F%2Fclutch.co%2Fdirectory%2Fmobile-application-developers%3Fpage%3D4,4.9,19 reviews,$50 - $99 / hr,"$25,000+",250 - 999
InApps Technology,https://inapps.net/?utm_source=clutch.co/&utm_medium=referral&utm_campaign=directory-mobile-application-developers,"Ho Chi Minh, Vietnam",https://clutch.co/profile/inapps-technology/contact?next=https%3A%2F%2Fclutch.co%2Fdirectory%2Fmobile-application-developers%3Fpage%3D4,4.8,17 reviews,$25 - $49 / hr,"$25,000+",50 - 249
Software Mind,http://softwaremind.com/?utm_source=clutch.co&utm_medium=referral&utm_campaign=directory,"Kraków, Poland",https://clutch.co/profile/software-mind/contact?next=https%3A%2F%2Fclutch.co%2Fdirectory%2Fmobile-application-developers%3Fpage%3D4,4.9,21 reviews,$50 - $99 / hr,"$100,000+","1,000 - 9,999"
Fortnight,https://www.fortnight.studio/?utm_source=clutch.co&utm_medium=referral&utm_campaign=directory,"London, United Kingdom",https://clutch.co/profile/fortnight/contact?next=https%3A%2F%2Fclutch.co%2Fdirectory%2Fmobile-application-developers%3Fpage%3D4,4.7,31 reviews,$100 - $149 / hr,"$10,000+",2 - 9
Semaphore Mobile,https://www.semaphoremobile.com/?utm_source=clutch.co&utm_medium=referral&utm_campaign=directory,"Plano, TX",https://clutch.co/profile/semaphore-mobile/contact?next=https%3A%2F%2Fclutch.co%2Fdirectory%2Fmobile-application-developers%3Fpage%3D4,5.0,13 reviews,$50 - $99 / hr,Undisclosed,10 - 49
Intelivita,http://www.intelivita.co.uk/?utm_source=clutch&utm_medium=referral,"Leeds, United Kingdom",https://clutch.co/profile/intelivita/contact?next=https%3A%2F%2Fclutch.co%2Fdirectory%2Fmobile-application-developers%3Fpage%3D4,4.8,31 reviews,$25 - $49 / hr,"$10,000+",10 - 49
Osedea,https://osedea.com/?utm_source=clutch&utm_medium=websitelink&utm_campaign=profile,"Montreal, Canada",https://clutch.co/profile/osedea/contact?next=https%3A%2F%2Fclutch.co%2Fdirectory%2Fmobile-application-developers%3Fpage%3D4,4.8,18 reviews,$100 - $149 / hr,"$50,000+",50 - 249
VOLO,http://volo.global/?utm_source=clutch&utm_medium=referral&utm_campaign=mobile-app-developers-global,"Yerevan, Armenia",https://clutch.co/profile/volo/contact?next=https%3A%2F%2Fclutch.co%2Fdirectory%2Fmobile-application-developers%3Fpage%3D4,5.0,7 reviews,$25 - $49 / hr,"$25,000+",250 - 999
"AppZoro Technologies, Inc.",https://appzoro.com/?utm_source=clutch.co&utm_medium=referral&utm_campaign=directory,"Atlanta, GA",https://clutch.co/profile/appzoro-technologies/contact?next=https%3A%2F%2Fclutch.co%2Fdirectory%2Fmobile-application-developers%3Fpage%3D4,4.7,19 reviews,$50 - $99 / hr,"$50,000+",10 - 49
B2C InfoSolutions,https://www.b2cinfosolutions.com/top-ranked-mobile-app-development-firm-clutch/?utm_source=clutch.co&utm_medium=referral&utm_campaign=directory,"Noida, India",https://clutch.co/profile/b2c-infosolutions/contact?next=https%3A%2F%2Fclutch.co%2Fdirectory%2Fmobile-application-developers%3Fpage%3D4,5.0,10 reviews,< $25 / hr,"$5,000+",50 - 249
Exelor,https://exelor.net/?utm_source=clutch.co&utm_medium=referral&utm_campaign=directory-mobile-application-developers,"Kharkiv, Ukraine",https://clutch.co/profile/exelor/contact?next=https%3A%2F%2Fclutch.co%2Fdirectory%2Fmobile-application-developers%3Fpage%3D4,5.0,6 reviews,$25 - $49 / hr,"$5,000+",10 - 49
X2 Mobile,https://x2mobile.net/?utm_source=clutch.co&utm_medium=referral&utm_campaign=directory-mobile-application-developers,"Cluj-Napoca, Romania",https://clutch.co/profile/x2-mobile/contact?next=https%3A%2F%2Fclutch.co%2Fdirectory%2Fmobile-application-developers%3Fpage%3D4,5.0,9 reviews,$50 - $99 / hr,"$25,000+",10 - 49
ITMAGINATION,https://www.itmagination.com/clients?utm_source=clutch.co&utm_medium=referral&utm_campaign=mobile-application-developers,"Warszawa, Poland",https://clutch.co/profile/itmagination/contact?next=https%3A%2F%2Fclutch.co%2Fdirectory%2Fmobile-application-developers%3Fpage%3D4,4.6,8 reviews,$50 - $99 / hr,"$25,000+",250 - 999
CubeZoo,https://www.cubezoo.co.za/?utm_source=clutch.co&utm_medium=referral&utm_campaign=directory,"Randburg, South Africa",https://clutch.co/profile/cubezoo/contact?next=https%3A%2F%2Fclutch.co%2Fdirectory%2Fmobile-application-developers%3Fpage%3D4,5.0,19 reviews,$25 - $49 / hr,"$10,000+",10 - 49
Codewave Technologies,https://www.codewave.com/?utm_source=clutch.co&utm_medium=referral&utm_campaign=directory,"Bengaluru, India",https://clutch.co/profile/codewave-technologies/contact?next=https%3A%2F%2Fclutch.co%2Fdirectory%2Fmobile-application-developers%3Fpage%3D4,4.8,17 reviews,< $25 / hr,"$10,000+",50 - 249
App Maisters Inc.,https://www.appmaisters.com/?utm_source=clutch+&utm_medium=clutch+&utm_id=home+,"Houston, TX",https://clutch.co/profile/app-maisters/contact?next=https%3A%2F%2Fclutch.co%2Fdirectory%2Fmobile-application-developers%3Fpage%3D4,5.0,13 reviews,$50 - $99 / hr,"$5,000+",10 - 49
Mindtech Apps,https://mindtechapps.com/,"Budapest, Hungary",https://clutch.co/profile/mindtech-apps/contact?next=https%3A%2F%2Fclutch.co%2Fdirectory%2Fmobile-application-developers%3Fpage%3D4,4.9,8 reviews,$50 - $99 / hr,"$25,000+",10 - 49
Lizard Global,https://lizard.global/?utm_source=clutch.co&utm_medium=referral&utm_campaign=directory,"Rotterdam, Netherlands",https://clutch.co/profile/lizard-global/contact?next=https%3A%2F%2Fclutch.co%2Fdirectory%2Fmobile-application-developers%3Fpage%3D4,4.9,37 reviews,$50 - $99 / hr,"$10,000+",10 - 49
Attract Group,https://attractgroup.com/?utm_source=clutch.co&utm_medium=cpc&utm_campaign=profile-page,"Odesa, Ukraine",https://clutch.co/profile/attract-group/contact?next=https%3A%2F%2Fclutch.co%2Fdirectory%2Fmobile-application-developers%3Fpage%3D4,5.0,30 reviews,$25 - $49 / hr,"$25,000+",50 - 249
RipenApps,https://ripenapps.com/?utm_source=clutch.co&utm_medium=referral,"Noida, India",https://clutch.co/profile/ripenapps/contact?next=https%3A%2F%2Fclutch.co%2Fdirectory%2Fmobile-application-developers%3Fpage%3D4,4.7,33 reviews,$25 - $49 / hr,"$10,000+",50 - 249
Geekbears,https://geekbears.com/,"San Francisco, CA",https://clutch.co/profile/geekbears/contact?next=https%3A%2F%2Fclutch.co%2Fdirectory%2Fmobile-application-developers%3Fpage%3D4,4.9,19 reviews,$50 - $99 / hr,"$50,000+",10 - 49
Interexy,http://interexy.com/?utm_source=clutch.co&utm_medium=catalog&utm_campaign=app-developers,"Lauderdale-by-the-Sea, FL",https://clutch.co/profile/interexy/contact?next=https%3A%2F%2Fclutch.co%2Fdirectory%2Fmobile-application-developers%3Fpage%3D4,4.9,33 reviews,$50 - $99 / hr,"$10,000+",50 - 249
